,Mean,Variance
sepal length (cm),5.843333333333335,0.6856935123042507
sepal width (cm),3.057333333333334,0.189979418344519
petal length (cm),3.7580000000000027,3.116277852348993
petal width (cm),1.199333333333334,0.5810062639821029
