,sepal length (cm),sepal width (cm),petal length (cm),petal width (cm)
sepal length (cm),0.6856935123042507,-0.0424340044742729,1.2743154362416103,0.5162706935123044
sepal width (cm),-0.0424340044742729,0.18997941834451895,-0.3296563758389262,-0.12163937360178968
petal length (cm),1.2743154362416103,-0.3296563758389262,3.1162778523489933,1.2956093959731547
petal width (cm),0.5162706935123044,-0.12163937360178968,1.2956093959731547,0.5810062639821026
